[{
  "_id": {
    "$oid": "5f98cad0cc82bd50f86fb792"
  },
  "username": "tu.nn79@gmail.com",
  "password": "2r2"
},{
  "_id": {
    "$oid": "5f98cb25cc82bd50f86fb793"
  },
  "username": "tu.nguyenngoc@hoasen.edu.vn",
  "password": "123456"
},{
  "_id": {
    "$oid": "5f98cb34cc82bd50f86fb794"
  },
  "username": "chipu@aha.com",
  "password": "435345"
},{
  "_id": {
    "$oid": "5f98d7a253841527485ca304"
  },
  "username": "tu.nn79@gmail.com",
  "password": "wq34243r1412"
},{
  "_id": {
    "$oid": "5f98d81153841527485ca305"
  },
  "username": "tu.nn79@gmail.com",
  "password": "wq34243r1412"
},{
  "_id": {
    "$oid": "5f98d81253841527485ca306"
  },
  "username": "tu.nn79@gmail.com",
  "password": "wq34243r1412"
},{
  "_id": {
    "$oid": "5f98d8eab9ce1a3bb4e735ca"
  },
  "username": "tu.nguyenngoc@hoasen.edu.vn",
  "password": "ererwe"
},{
  "_id": {
    "$oid": "5f98e2818203511b2c80903a"
  },
  "username": "papa@kaka.tyty",
  "password": "sdfaffasdfas"
},{
  "_id": {
    "$oid": "5f98e5398203511b2c80903b"
  },
  "username": "tu.nn79@gmail.comdas",
  "password": "sadasd"
},{
  "_id": {
    "$oid": "5f98e53e8203511b2c80903c"
  },
  "username": "tu.nguyenngoc@hoasen.edu.vn",
  "password": "efefe"
},{
  "_id": {
    "$oid": "5f98e5618203511b2c80903d"
  },
  "username": "nguyenngtu777@gmail.com",
  "password": "acasc"
},{
  "_id": {
    "$oid": "5f98e6038203511b2c80903e"
  },
  "username": "tu.nguyenngoc@hoasen.edu.vn",
  "password": "xczxc"
},{
  "_id": {
    "$oid": "5f9b8b0742ddb2365028e850"
  },
  "username": "234",
  "password": "567"
},{
  "_id": {
    "$oid": "5f9b8b78476883462848cf5b"
  },
  "username": "234",
  "password": "567"
}]